Region,Quest Name,Steps to Complete,Rewards
Natlan,A Saurian Lover's Ordinary Days,6,"Primogem x 30
Mora x 37,000
Recipe: Sour Sauce Kipper x 1"
Natlan,Beneath The Crystal Rock,19,"Primogem x 50
Hero's Wit x 5
Mora x 34,000
Mystic Enhancement Ore x 4"
Natlan,Gifts and Gifts in Return,7,No rewards found
Natlan,Peace To The SlumberingBeneath The Crystal Rock,8,"Primogem x 40
Hero's Wit x 2
Mora x 23,500
Mystic Enhancement Ore x 2"
Natlan,Ripe For Trouble,10,"Adventure EXP x 350
Primogems x 40
Hero's Wit x 3
Mystic Enhancement Ore x 3
Mora x 10,000"
Natlan,Seeker No FindingTracer No Tracing,8,"Primogem x 40
Hero's Wit x 2
Mora x 33,000
Mystic Enhancement Ore x 3
Iridescent Inscription Fragment x 1"
Natlan,Tepetlisaurus Hide-and-Seek,3,"Primogem x 20
Mora x 26,500"
Natlan,"To The Night, What Is The Night'sCourier's Trial Keystone",6,"Primogem x 30
Hero's Wit x 2
Mora x 22,500
Mystic Enhancement Ore x 3
Shattered Night Jade x 1"
Natlan,Tracer No Tracing,8,"Primogem x 30
Hero's Wit x 2
Mora x 22,500
Mystic Enhancement Ore x 3"
Natlan,Waiting For Seeds to Sprout,4,"Primogem x 30
Mora x 37,000"
Natlan,Weighty Wings,5,"Primogem x 30
Mora x 37,000"
Natlan,"A Prayer For Blessings, Told To Crested Peaks",0,No rewards found
Natlan,Avant-Garde Graffiti Visionary!Chapter 5 Act 2,0,No rewards found
Natlan,Between Pledge And ForgettanceLost In The Woods,26,"Primogem x 100
Mora x 118,000
Mystic Enhancement Ore x 4
The Cornerstone of Stars and Flames x 1"
Natlan,Feeling Like Fish Today!,2,"Primogem x 20
Mora x 26,500"
Natlan,"In the Footsteps Of The Chosen Of DragonsLights, Kamera, Action!A Saurian Lover's Ordinary DaysTepetlisaurus Hide-and-SeekWeighty WingsGifts and Gifts in ReturnWaiting For Seeds to SproutTreasures And CollectorsSpecial FriendsFeeling Like Fish Today!Lies And Promises Quest",10,No rewards found
Natlan,Lies And Promises,4,"Primogem x 20
Mora x 26,500"
Natlan,"Lights, Kamera, Action!",4,"Primogem x 20
Mighty Meaty Fireball x 1
Mora x 26,500"
Natlan,Lost In The Woods,6,"Primogem x 20
Mora x 26,500
Reaffirmed Accord of Appelation"
Natlan,Revelations From The PastRite Of The Bold,14,"Primogem x 50
The Cornerstone of Stars and Flames x 1
Mystic Enhancement Ore x 4
Mora x 54,500"
Natlan,Rite Of The BoldLost In The Woods,3,"Primogem x 30
Mora x 37,000
Talisman of Waxaklahun Ubah Kah x 1"
Natlan,Shadows Of The MountainsBeneath The Crystal Rock,2,No rewards found
Natlan,Special Friends,5,"Primogem x 20
Mora x 26,500"
Natlan,"Stride On Rainbows, Split The Waves",6,"Primogem x 40
Hero's Wit x 2
Mora x 33,000
Mystic Enhancement Ore x 3"
Natlan,Tale Of Dreams Plucked From FireTracer No Tracing,2,No rewards found
Natlan,The Case Of The Crafting Bench,20,"Primogem x 30
Hero's Wit x 2
Mora x 22,500
Mystic Enhancement Ore x 3"
Natlan,To Wish Upon A Star,5,"Primogem x 20
Mora x 26,500"
Natlan,Toward Red-Hot Adventure!Chapter 5 Act 1 Archon Quest,1,"Mora x 21,500
Adventurer's Experience x 4"
Natlan,Treasures And Collectors,10,"Primogem x 30
Mora x 37,000"
Fontaine,A Certain NoticeAs Light Rain Falls Without Reason,4,"Hero's Wit x 3
Mystic Enhancement Ore x 6
Mora x 21,500"
Fontaine,A Certain StampA Certain Trifle Quest,4,"Hero's Wit x 3
Mora x 21,500"
Fontaine,A Certain TrifleA Certain Notice Quest,6,"Hero's Wit x 3
Mora x 21,500"
Fontaine,"A LetterA Certain NoticeA Certain TrifleA Certain StampFontaine Research Institute, Stagnating In The Rubble",7,"Adventure EXP x150
Hero's Wit x3
Mora x 30,000"
Fontaine,Ann's Story,23,"Adventure EXP x 450
Primogems x 50
Hero's Wit x 5
Mystic Enhancement Ore x 4
Mora x 50,000"
Fontaine,Another Horizon Of AdventurePrelude Of Blancheur And NoirceurAs Light Rain Falls Without Reason,3,"Adventure EXP x 150
Adventurer's Experience x4
Mora x20,000"
Fontaine,Aqueous Tidemarks,19,"Adventure EXP x 500
Primogems x 40
Hero's Wit x 3
Mystic Enhancement Ore x 5
Mora x 30,000"
Fontaine,Both Brains and BrawnUnfinished Comedy Quest Chain,15,"Primogems x 50
Hero's Wit x 5
Prankation Fonta Cup
Mora x 34,000
Credit Coupons x900
Mystic Enhancement Ore x3"
Fontaine,Canticles of Harmony,32,"Primogem x 30
Mora x 37,000
Ancient Autoharmonic Music Box
Primogem x 30
Hero's Wit x 2
Mora x 32,500
Primogem x 30
Hero's Wit x 2
Mora x 32,500
Primogem x 30
Hero's Wit x 2
Mora x 32,500
Mystic Enhancement Ore x 3
Primogem x 40
Hero's Wit x 4
Mora x 33,500
Mystic Enhancement Ore x 4"
Fontaine,Danger Lurks Everywhere in FontaineAs Light Rain Falls Without Reason,5,"Hero's Wit x 3
Mora x 21,500"
Fontaine,Daydreams Beyond Space And TimeWhere His Life Lies,4,"Adventure EXP x 150
Hero's Wit x 3
Mora x 20,000"
Fontaine,"Echoes of the Ancient WorldLimner, Dreamer, and Robotic Dog Quest",12,"Primogems x30
Hero's Wit x2
Mora x22,500
Mystic Enhancement Ore x3
Strange Part x1"
Fontaine,Fishing Game,3,"Adventure EXP x 600
Primogems x 20
Mora x 25,000
Strange Part x 1"
Fontaine,"Fontaine Research Institute, Stagnating In The Rubble",30,"Adventure EXP x 500
Primogems x 60
Hero's Wit x 5
Mystic Enhancement Ore x 6
Mora x 50,000
Honorary Senior Researcher Award (Furnishing) x1"
Fontaine,"Hey, This Isn't Pumpkin Soup...A Brush Of Seafoam and Crimson",4,"Primogems x 40
Hero's Wit x 3
Mystic Enhancement Ore x 6
Mora x 23,000"
Fontaine,In Search of Lost Time,40,No rewards found
Fontaine,Latecoming HomecomingCanticles of Harmony,6,"Primogems x 20
Mora x 26,500"
Fontaine,Our Purpose Is in Another Canal,4,"Primogem x 30
Hero's Wit x 2
Mora x 32,500
Lumitoile x 3"
Fontaine,Road to the Singularity,24,"Adventure EXP x400
Primogems x50
Hero's Wit x5
Mystic Enhancement Ore x3
Mora x 30,000"
Fontaine,"Seymour's Story: PrologueLimner, Dreamer, and Robotic Dog Quest",0,No rewards found
Fontaine,"Strange Stone ChronicleLimner, Dreamer, and Robotic Dog Quest",9,No rewards found
Fontaine,The Fountain Flows AgainAs Light Rain Falls Without Reason,4,"Hero's Wit x 3
Mora x 21,500"
Fontaine,The Lone Phantom SailA Brush Of Seafoam and Crimson,7,"Adventure EXP x 350
Primogems x 40
Hero's Wit x 3
Mystic Enhancement Ore x 6
Mora x 30,000"
Fontaine,"The Three Primary Colors of the Solar CoronaLimner, Dreamer, and Robotic Dog Quest",3,"Primogems x20
Mora x26,500
Varunada Lazurite Fragment x2
Strange Part x1"
Fontaine,Treacherous Light of the Depths,23,"Adventure EXP x300
Primogems x40
Hero's Wit x2
Mystic Enhancement Ore x3
Mora x30,000"
Fontaine,Truly Mouthwatering,5,"Adventure EXP x 200
Primogems x 30
Mora x 15,000
Hero's Wit x 2"
Fontaine,Upon a Flowery Field of Grass,6,"Primogems x30
Hero's Wit x2
Mora x17,000
Recipe: Tasses Ragout x1"
Fontaine,Villains,22,"Adventure EXP x350
Primogems x40
Hero's Wit x5
Mystic Enhancement Ore x5
Pure Water (Crafting Blueprint) x1
Paimon's Food Fund x1"
Fontaine,"Were It So EasyLimner, Dreamer, and Robotic Dog",7,"Primogems x 20
Mora x 11,000
Strange Part x 1
Primogems x 20
Mora x 26,500"
Fontaine,Where His Life LiesCanticles of Harmony,4,"Adventure EXP x 150
Hero's Wit x 3
Mora x 20,000"
Fontaine,A Brush Of Seafoam and Crimson,9,"Primogems x 50
Hero's Wit x 4
Mystic Enhancement Ore x 6
Mora x 30,000"
Fontaine,A Fontainian Message,4,"Adventure EXP x 200
Primogems x 30
Hero's Wit x 2
Mora x 15,000"
Fontaine,A Gradient Dream and Ocre QuestA Brush Of Seafoam and Crimson,8,"Primogems x 60
Hero's Wit x 5
Mystic Enhancement Ore x 6
Mora x 55,000"
Fontaine,An Expected Lie,7,"Primogem x 40
Hero's Wit x 2
Mora x 33,000
Mystic Enhancement Ore x 3"
Fontaine,An Expected Plan,17,"Primogem x 40
Hero's Wit x 2
Mora x 33,000
Mystic Enhancement Ore x 3"
Fontaine,Ancient Colors,13,"Ann Of The Narzissenkreuz Quest Series Guide
How To Unlock The Narzissenkreuz Ordo"
Fontaine,Ann Of The Narzissenkreuz,23,"All Cryo Characters List
All Dendro Character List
All Pyro Characters List"
Fontaine,Berrypuff The Blubberbeast,5,No rewards found
Fontaine,Book of Esoteric RevelationsA Brush Of Seafoam and Crimson,8,"Primogems x 50
Hero's Wit x 4
Mystic Enhancement Ore x 6
Mora x 34,000"
Fontaine,Fontaine Research Institute Chronicles Quest Chain,30,"Adventure EXP x 500
Primogems x 60
Hero's Wit x 5
Mystic Enhancement Ore x 6
Mora x 50,000
Honorary Senior Researcher Award (Furnishing) x1"
Fontaine,For Yesterday And TomorrowCanticles of Harmony,2,"Primogems x 20
Mora x 11,000"
Fontaine,Free Verse,17,"Primogems x 40
Hero's Wit x 2
Mystic Enhancement Ore x 3
Mora x 33,000"
Fontaine,Good Stuff But Terrible Taste,6,"Adventure EXP x 600
Primogems x 20
Mora x 25,000"
Fontaine,Happy Birthday,3,No rewards found
Fontaine,Impromptu Poem Of The Crimson Dawn,6,"Primogems x 30
Mora x 37,000"
Fontaine,In Expert Company?,3,"Hero's Wit x 3
Mora x 21,500
Hero's Wit x 3
Mora x 31,500
Poisson Seafood Soup x 1"
Fontaine,In the Wake Of NarcissusUnfinished ComedyAnn Of The NarzissenkreuzAncient Colors,38,"Primogems x 60
Hero's Wit x 5
Mystic Enhancement Ore x 6
Mora x 55,000
Primogems x 50
Hero's Wit x 5
Mystic Enhancement Ore x 4
Mora x 54,500
Primogems x 30
Mora x 37,500
Primogems x 30
Hero's Wit x 2
Mora x 32,500"
Fontaine,Initial FactsUnfinished Comedy Quest Chain,2,"Adventurer's Experience x4
Mora x 10,000"
Fontaine,Leroy,6,No rewards found
Fontaine,"Limner, Dreamer, and Robotic Dog",6,"Primogems x50
Hero's Wit x5
Mora x54,500
Mystic Enhancement Ore x4
Mamere's Painting x1"
Fontaine,Questioning Melusine and Answering Machine,52,No rewards found
Fontaine,Rowboat's Wake,7,"Primogems x 30
Hero's Wit x 2
Mora x 32,500"
Fontaine,Savior's Wake,9,"Primogems x 50
Hero's Wit x 5
Mystic Enhancement Ore x 4
Mora x 54,500"
Fontaine,Scene from Life in MeropideUnfinished Comedy,38,"Primogems x 30
Credit Coupons x280
Mora x 32,000"
Fontaine,Search in the Algae SeaUnfinished ComedyAnn Of The NarzissenkreuzAncient Colors,15,"Primogems x 60
Hero's Wit x 5
Mystic Enhancement Ore x 6
Mora x 55,000"
Fontaine,The Wild Fairy of Erinnyes,31,"Adventure EXP x 350
Primogems x 30
Hero's Wit x 2
Mora x 30,000"
Fontaine,Through The Looking GlassLooking Glass,3,"Adventure EXP x 300
Primogems x 40
Hero's Wit x 2
Mystic Enhancement Ore x 3
Mora x 30,000"
Fontaine,Unfinished Comedy Quest Chain,26,"Adventure EXP x 350
Primogems x 40
Hero's Wit x 3
Mystic Enhancement Ore x 6
Mora x 30,000"
Fontaine,Waking From The Great Dream,3,"Primogems x 30
Mora x 37,500"
Fontaine,Wish-Fulfilling Treasure Hunt,6,"Adventure EXP x 200
Primogems x 30
Mora x 35,000"
Sumeru,A Short Encounter with a Rare Bird,11,"Adventure EXP x 250
Primogems x 30
Hero's Wit x 3
Mora x 30,000"
Sumeru,Adventure Takes Courage!Through Mists Of Smoke And Forests Dark,2,"Adventure EXP x 100
Mora x 10,000
Adventurer's Experience x 3"
Sumeru,Afratu's Dilemma,19,"Adventure EXP x 400
Primogems x 50
Hero's Wit x 4
Mystic Enhancement Ore x 4
Mora x 40,000
Sumeru Reputation Points x 20"
Sumeru,Agnihotra SutraThe World Of Aranara,1,No rewards found
Sumeru,An Unwavering Culinary DreamThe World Of Aranara,2,No rewards found
Sumeru,AranyakaThrough Mists Of Smoke And Forests Dark,4,No rewards found
Sumeru,Blooming SandsAct IV King Deshret and the Three Magi,5,"Adventure EXP x 150
Hero's Wit x 3
Mora x 20,000
Sumeru Reputation Points x 20"
Sumeru,Cost-Effective Hook,11,"Adventure EXP x 150
Hero's Wit x 3
Mora x 21500
Sumeru Reputation EXP x 20"
Sumeru,Courage is in the Heart,8,"Adventure EXP x 200
Primogems x 30
Mora x 20,000
Hero's Wit x 2"
Sumeru,Dreams Beneath The Searing SandThe Secret of Al-Ahmar,19,"Primogems x 50
Hero's Wit x 5
Adventure EXP x 450
Mora x 40,000
Mystic Enhancement Ore x 5"
Sumeru,<img src='https://img.gamewith.net/img/765d2d5d523a1884b419b85d9f815c66.png' alt='Chapter 3 Act 3' />Chapter 3 Act 3The Morn A Thousand Roses Brings,25,"Adventure EXP x 775
Primogems x 30
Hero's Wit x 3
Mystic Enhancement Ore x 5
Mora x 31,175"
Sumeru,Dual EvidenceGolden Slumber,24,"Adventure EXP x 500
Primogems x 60
Hero's Wit x 4
Mora x 40,000
Mystic Enhancement Ore x 4"
Sumeru,Even Beasts Stumble,4,"Adventure EXP x 150
Hero's Wit x 3
Mora x 20,000
Sumeru Reputation Points x 20"
Sumeru,For a Dream I Tarry,4,"Adventure EXP x 150
Hero's Wit x 3
Mora x 20,000"
Sumeru,Garcia's Paean: A Gift of CompatibilityArchon Quest Chapter I: Act I - Of the Land Amidst Monoliths.Garcia's Paean,3,No rewards found
Sumeru,Gourmet Supremos: Within Our Dutiesachievements,7,No rewards found
Sumeru,"<img src='https://img.gamewith.net/img/d7c2fae27d762b2238f665edf5eecea9.png' alt='Chapter 3 Act 4' />Chapter 3 Act 4Dreams, Emptiness, Deception",39,"Memory of Flourishing Green x 1
Adventure EXP x 1000
Primogems x 30
Hero's Wit x 4
Mystic Enhancement Ore x 7
Mora x 40,250"
Sumeru,Lupus Aureus Chapter Act 1Act IV King Deshret and the Three Magi,34,"Primogems x 60
Hero's Wit  4
The General Mahamatra on Duty (Furnishing)
Adventurer's EXP x 625
Mora x 38,100
Mystic Enhancement Ore x 8
Guide To Admonition x 5"
Sumeru,Memory's Final Chapter,2,"Adventure EXP x 100
Primogems x 20
Mora x 10,000
Sumeru Reputation EXP x 20"
Sumeru,Purbiruni's Commandment,7,"Hero's Wit x 3
Mora x 21,500"
Sumeru,"Static Views, Part II",4,No rewards found
Sumeru,The Hymn Of Tir YazadKhvarena Of Good And Evil SeriesLightcall Resonance,15,"Adventure EXP x 500
Primogems x 60
Mora x 50,000
Hero's Wit x 5
Mystic Enhancement Ore x 6"
Sumeru,Until Vana is Healed,17,"Adventure EXP x 350
Primogems x 40
Hero's Wit x 3
Mystic Enhancement Ore x 4
Mora x 30,000"
Sumeru,"A Delicacy For NaraCooking, The Flavor of Nature",3,"Adventure EXP x 300
Primogems x 40
Hero's Wit x 3
Mora x 30000"
Sumeru,A Gifted Rose: Ballad of Days Gone ByA Gifted Rose: Can Stones Bloom,5,"Adventure EXP x 200
Primogems x 30
Hero's Wit x 2
Mora x 20,000
Delicious Butter Chicken x 1
Delicious Shawarma Wrap x 2
Glabrous Beans x 2"
Sumeru,A Gifted Rose: Can Stones BloomA Gifted Rose: Long Day Ahead,5,"Adventure EXP x 200
Primogems x 30
Hero's Wit x 2
Mora x 20,000
Delicious Tahchin x 2
Delicious Shawarma Wrap x 2
Glabrous Beans x 2"
Sumeru,A Gifted Rose: Long Day AheadA Gifted Rose: Prickly as Thorns,5,"Adventure EXP x 200
Primogems x 30
Hero's Wit x 2
Mora x 20,000
Delicious Tahchin x 2
Delicious Shawarma Wrap x 2
Glabrous Beans x 2"
Sumeru,A Gifted Rose: Prickly as ThornsThe Exile: Blooming,5,"Harra Fruit Seed x 2
Zaytun Peach Seed x 2
Sumeru Rose Seed x 2
Adventure EXP x 350
Primogems x 40
Hero's Wit x 4
Mora x 40,000
Delicious Tahchin x 2
Delicious Shawarma Wrap x 2
Glabrous Beans x 2"
Sumeru,A Gifted Rose: Some People Never Fade AwayA Gifted Rose: Ballad of Days Gone By,5,"Adventure EXP x 200
Primogems x 30
Hero's Wit x 2
Mora x 20,000
Delicious Butter Chicken x 1
Delicious Shawarma Wrap x 2
Glabrous Beans x 2"
Sumeru,A Prayer For Rain On The Fecund LandSlumbering RootsIrate Iron ChunkMemory of Stone,3,"Primogems x 50
Adventure EXP x 400
Hero's Wit x 4
Mora x 40,000
Mystic Enhancement Ore x 4
Stories of You And The Aranara x1"
Sumeru,An Artist AdriftKhvarena Of Good And Evil,7,No rewards found
Sumeru,An Introduction To Indoor ArchaelogyLost In the Sands,11,"Primogems x 40
Hero's Wit x 3
Adventure EXP x 350"
Sumeru,Apocalypse Lost: Memories Of Gurabad,5,"Adventure EXP x 300
Primogems x 40
Hero's Wit x 3
Mystic Enhancement Ore x 3
Mora x 20,000"
Sumeru,Aragaru's DrawingAranyaka Quest Line,6,"Adventure EXP x 200
Primogems x 30
Hero's Wit x 2
Mora x 20,000"
Sumeru,Aranaga's MemoryAranyaka Quest Chain,6,"Adventurer EXP x 250
Primogems x 30
Mora x 30,000
Hero's Wit x 3"
Sumeru,Aranakin's Old FriendAranyaka Quest Line,9,"Adventure EXP x 200
Primogems x 30
Hero's Wit x 2
Mora x 20,000"
Sumeru,As The Khvarena's Light ShowsKhvarena Of Good And Evil SeriesAsipattravana ItihasaAwakening's Real Sound,37,"Adventure EXP x 500
Primogems x 60
Mora x 50,000
Hero's Wit x 5
Mystic Enhancement Ore x 6
Primogems x 20
Adventure EXP x 100
Mora x 10,000
Vyakarana of the Birds
Behold My Righteous Strike!
Trial of Haft-Vadi"
Sumeru,Asipattravana ItihasaKhvarena Of Good And Evil Series,13,"Adventure EXP x 350
Primogems x 40
Mora x 25,000
Hero's Wit x 3
Mystic Enhancement Ore x 6"
Sumeru,Awakening's Real SoundKhvarena Of Good And Evil SeriesAsipattravana Itihasa,10,"Adventure EXP x 400
Primogems x 50
Hero's Wit x 4
Mystic Enhancement Ore x 6
Mora x 30,000"
Sumeru,"Behold, The Sign Comes Like A ThiefApocalypse Lost",6,"Primogems x 30
Hero's Wit x 3
Mora x 27,500"
Sumeru,Children of the ForestWorld Of Aranara,5,Primogems x 20
Sumeru,"Cooking, a Pleasant MemoryCooking, The Flavor of Nature",4,"Primogems x 20
Adventure Experience x 150
Mora 20,000
Selva Salad x 1"
Sumeru,"Cooking, The Aroma of HomecomingCooking, The Flavor of Nature",4,"Adventure Experience x 200
Primogems x 30
Hero's Wit x 2
Masala Cheese Balls x 1
Mora x 20,000"
Sumeru,"Cooking, the Beauty of SharingCooking, The Flavor of Nature",5,"Primogems x 30
Adventure Experience x 200
Mora 20,000
Hero's Wit x 2"
Sumeru,"Cooking, The Flavor of NatureWorld Of Aranara",5,"Adventure EXP x 350
Primogems x 40
Hero's Wit x 3
Recipe: Mushroom Hodgepodge"
Sumeru,Delicious RiddleFestival Utsava,4,"Araesha's Flower x 1
Primogem x 20
Adventure EXP x 150
Mora x 20,000"
Sumeru,Desert's RemembranceDual Evidence,13,"Adventure EXP x 300
Primogems x 40
Hero's Wit x 3
Mystic Enhancement Ore x 3
Mora x 20,000"
Sumeru,Dune-Entombed Fecundity,37,"Primogems x 50
Mora x 54,500
Hero's Wit x 5
Mystic Enhancement Ore x 4
Primogem x 50
Hero's Wit x 3
Mora x 44,000
Mystic Enhancement Ore x 6"
Sumeru,Encounter in the WoodsWorld Of Aranara,3,No rewards found
Sumeru,Festival UtsavaFor A Better Reunion,3,"Primogem x 30
Hero's Wit x 3
Adventure EXP x 250
Mora x 25,0000"
Sumeru,For A Better ReunionChildren of the Forest,3,"Primogems x 20
Adventure EXP x 150
Mora x 20,000"
Sumeru,"For Fruits, Seeds, and TreesFestival Utsava",17,"Primogems x 40
Hero's Wit x 3
Adventure Experience x 350
Mora 30,000
Mystic Enhancement Ore x 5"
Sumeru,For Her Judgement Reaches To The Skies,7,"Primogems x 50
Hero's Wit x 3
Mora x 34,000
Mystic Enhancement Ore x6"
Sumeru,For The Children of the Past,12,"Primogems x 60
Hero's Wit x 5
Adventure EXP x 500
Mora x 50,000
Mystic Enhancement Ore x 6"
Sumeru,Garden FairiesFestival Utsava,3,"Aralila and Aranishat's Flowers x 1
Primogem x 20
Adventure EXP x 150
Mora x 20,000"
Sumeru,Golden SlumberSlumbering Roots,21,"Sacred Seal Uses & Locations Guide
Primal Obelisk Locations & How To Activate"
Sumeru,Heart Of AmritaKhvarena Of Good And Evil,1,"Adventurer's Experience x 4
Mora x 10,000"
Sumeru,"Hello, Thank You, and the Final GoodbyeFor The Children of the Past",3,"Garland x 1
Primogems x 20
Stories of You and the Aranara x 1
Adventure EXP x 400
Mora x 10,000"
Sumeru,Her Foes Rage Like Great Waters...Apocalypse Lost: Memories Of Gurabad Quest,7,"Behold, The Sign Comes Like A Thief
Make Bright The Arrows, Gather The Shields
For Her Judgement Reaches To The Skies
Primogems x 30
Hero's Wit x 3
Mora x 27,500
Primogems x 40
Hero's Wit x 3
Mora x 23,000
Primogems x 50
Hero's Wit x 3
Mora x 34,000
Mystic Enhancement Ore x6"
Sumeru,Hidden MercenariesDual Evidence,11,"Adventure EXP x 350
Primogems x 40
Hero's Wit x 3
Mystic Enhancement Ore x 3
Mora x 40,000"
Sumeru,Into the WoodsThe Children Of Vimara Village,8,"Primogems x 50
Hero's Wit x 4
Adventure Experience x 400
Mora x 40,000
Mystic Enhancement Ore x 4"
Sumeru,Invisible BarrierDual Evidence,7,"Adventure EXP x 300
Primogems x 40
Hero's Wit x 3
Mystic Enhancement Ore x 3
Mora x 20,000"
Sumeru,Irate Iron ChunkVaruna Gatha,7,"Primogem x 40
Hero's Wit x 3
Adventure Exp x 350
Mora x 30,000
Mystic Enhancement Ore x 4"
Sumeru,Join the Eremites and Embrace a Wonderful New Life!Act IV King Deshret and the Three Magi,6,"Adventure EXP x 150
Hero's Wit x 3
Mora x 20,000
Sumeru Reputation Points x 20"
Sumeru,Khvarena Of Good And Evil,37,No rewards found
Sumeru,Lightcall ResonanceKhvarena Of Good And Evil,13,"Adventure EXP x 200
Primogems x 30
Hero's Wit x 2
Mora x 15,000"
Sumeru,Lost in the Sands,21,"Adventure EXP x 350
Primogems x 40
Hero's Wit x 3
Mystic Enhancement Ore x 6
Mora x 30,000"
Sumeru,"Make Bright The Arrows, Gather The Shields",6,"Primogems x 40
Hero's Wit x 3
Mora x 23,000"
Sumeru,Memory Of StoneVaruna Gatha,7,"Adventure Experience x 300
Primogems x 40
Hero's Wit x 3
Mora x 30,000"
Sumeru,Monumental Study,6,No rewards found
Sumeru,"Next Time, On King of Invokations…Akasha Pulses, The Kalpa Flame Rises",4,"Adventure EXP x 150
Mora x 20,000
Primogems x 20"
Sumeru,Old Notes and New FriendsDual Evidence,3,"Sacred Seal Locations
Primal Obelisk Locations"
Sumeru,"Outside The Canvas, Inside The Lens: Greenery ChapterSnapshots",5,"Primogems
Mora
Mystic Enhancement Ores"
Sumeru,Pale FireKhvarena Of Good And EvilFravashi Tree,2,"Adventure EXP x 350
Primogems x 40
Hero's Wit x 3
Mystic Enhancement Ore x 6
Mora x 30,000"
Sumeru,Recollections Of A Fontainian,3,"Adventure EXP x 150
Mora x 20,000
Adventurer's Experience x 4"
Sumeru,"Rejoice With Me, For What Was Lost Is Now FoundThe Dirge Of Bilqis Quest Line",11,"Primogems x 30
Hero's Wit x 3
Mora x 27,500"
Sumeru,Risen Moon ChapterStarry Night Chapter,14,"Barsam Flower x 1
Primogems x 40
Adventurer's Experience x 300
Hero's Wit x 3
Mora x 30,000"
Sumeru,"Rishboland Tiger, roaaarFestival Utsava",3,"The Sibling's Flowers x 1
Primogem x 20
Adventure EXP x 150
Mora x 20,000"
Sumeru,Royinian's Chapter: LingaVimana Agama: Royinian's Chapter,14,"Primogems x 30
Adventurer's Experience x 250
Hero's Wit x 3
Mora x 30,000"
Sumeru,Royinian's Chapter: YoniVimana Agama: Royinian's Chapter,6,"Primogems x 30
Adventurer's Experience x 250
Hero's Wit x 3
Mora x 30,000
Amiti Device Fragment (III) x 1"
Sumeru,Slumbering RootsVaruna Gatha,9,"Primogems x 30
Adventure EXP x 250
Hero's Wit x 3
Mora x 30000"
Sumeru,Soheil's WishDual Evidence,0,"Primogems x 20
Mora x 11,000
Sumeru Reputation Points x 20"
Sumeru,Sprouting SeedlingsVaruna Gatha,3,"Adventure Experience x 100
Primogems x 20
Mora x 10,000"
Sumeru,Starry Night ChapterWorld Of Aranara,13,"Primogems x 40
Hero's Wit x3
Adventure's EXP x300
Mora x30,000"
Sumeru,Static ViewsWorld Of Aranara,3,No rewards found
Sumeru,Tadhla the FalconThe Dirge of Bilqis,5,"Adventure EXP x 200
Primogems x 40
Hero's Wit x 2
Mora x 20,000"
Sumeru,Taste of HappinessFestival Utsava,3,"The Sibling's Flowers x 1
Primogem x 20
Adventure EXP x 150
Mora x 20,000"
Sumeru,Tester Became The Tested,3,No rewards found
Sumeru,The Children of Vimara Village,8,"Adventure EXP x 250
Primogem x 30
Hero's Wit x 3
Mora x 25,000"
Sumeru,The Dirge Of BilqisGolden Slumber Series Quest,52,No rewards found
Sumeru,"The Eternal Dream, Ever LushThe Dirge Of Bilqis",8,"Primogems x 20
Mora x 26,500"
Sumeru,The Exile: BloomingThe Exile: Sprouting,5,"Adventure EXP x 200
Primogems x 30
Hero's Wit x 2
Mora x 20,000
Delicious Butter Chicken x 1
Sumeru Rose x 1"
Sumeru,The Exile: Sprouting,5,"Adventure EXP x 200
Primogems x 30
Hero's Wit x 2
Mora x 20,000"
Sumeru,The Falcon's HuntTadhla The Falcon,13,"Adventure EXP x 350
Primogems x 40
Mystic Enhancement Ore x 3
Hero's Wit x 3
Mora x 40,000"
Sumeru,The Fallen FalconThe Falcon's Hunt,3,"Adventure EXP x 250
Primogems x 30
Hero's Wit x 3
Mora x 25,000"
Sumeru,The Final ChapterRisen Moon Chapter,15,"Stories of You and the Aranara x 1
Primogems x 50
Adventurer's Experience x 400
Hero's Wit x 4
Mora x 40,000
Mystic Enhancement Ore x 4"
Sumeru,The Foolish Fatuus,17,"Primogems x 50
Hero's Wit x 4
Adventure EXP x 400
Mora x 40,000
Mystic Enhancement Ore x 4"
Sumeru,The Lost ChildThe Children Of Vimara Village World Quest,7,"Adventure Experience x 400
Primogems x 50
Hero's Wit x 4"
Sumeru,The Path of Papers,5,"Adventure EXP x 150
Hero's Wit x 3
Mora x 20,000"
Sumeru,The Price,8,"Adventure EXP x 150
Hero's Wit x 3
Mora x 20,000
Sumeru Reputation Points x 20"
Sumeru,The Rhythm that Leads to the Gloomy PathEncounter in the Woods,15,"Adventure EXP x 350
Primogem x 40
Hero's Wit x 3
Mora x 30,000
Mystic Enhancement Ore x 4
Vasoma Fruit x 1"
Sumeru,The Rhythm that Nurtures the SproutEncounter in the Woods,18,"Adventure EXP x 350
Primogem x 40
Hero's Wit x 3
Mora x 30,000
Mystic Enhancement Ore x 4"
Sumeru,The Rhythm that Reveals the Beastly TrailEncounter in the Woods,23,"Primogem x 60
Hero's Wit x 3
Adventure Experience x 450
Mora x 40,000
Mystic Enhancement Ore x 4
Vasoma Fruit x 1"
Sumeru,The Secret Of Al-AhmarAn Introduction To Indoor Archaeology,15,"Primogems x 60
Hero's Wit x 5
Adventure EXP x 500
Mora x 50,000
Mystic Enhancement Ore x 5"
Sumeru,The Splendorous Sky That DayKhvarena Of Good And Evil Series,8,"Adventure EXP x 250
Primogems x 30
Hero's Wit x 3
Mora x 25,000"
Sumeru,The World Of AranaraThe Lost Child Quest,13,"Adventure Experience x 400
Stories of You and the Aranara x 1
Hero's Wit x 4
Precious Chest x 1"
Sumeru,Treasure of Wisdom: A New Plan,4,"Adventure EXP x 100
Mora x 15,000
Adventurer's Experience x 4"
Sumeru,Trees and Dreams,3,Primogems x 20
Sumeru,Varuna GathaThe World Of Aranara,6,"Primogems x 40
Adventure EXP x 300
Hero's Wit x 3
Mora x 30,000"
Sumeru,Vimana Agama: Dev Delver ChapterVimana Agama: Jazari's Chapter,12,"Primogems x 40
Stories of You and the Aranara x 1
Adventurer's Experience x 300
Hero's Wit x 3
Mora x 30,000"
Sumeru,Vimana Agama: Jazari's ChapterVimana Agama: Royinian's Chapter,12,"Primogems x 40
Adventurer's Experience x 350
Hero's Wit x 3
Mora x 30,000
Mystic Enhancement Ore x 4"
Sumeru,Vimana Agama: Royinian's ChapterWorld Of Aranara,13,"Primogems x 40
Adventurer's Experience x 200
Hero's Wit x 3
Mora x 30,000"
Sumeru,Vimana AgamaThe World Of Aranara,4,No rewards found
Sumeru,Where Are the Fierce Creatures?,0,"Adventure EXP x 300
Primogems x 40
Hero's Wit x 3
Mora x 30,000
Sumeru Reputation EXP x 20"
Sumeru,While the Dream Lingers,5,"Adventure EXP x 150
Hero's Wit x3
Mora x20,000"
Inazuma,Battle Of Revenge,7,"Primogems x 10
Adventure EXP x 250
- Mora- Companion EXP- Fine Enhancement Ore"
Inazuma,Chisato's Letter,4,No rewards found
Inazuma,Clean House,5,"Primogems x 30
Hero's Wit x 2"
Inazuma,Collections Of Dragons And Snakes,3,"Primogems x 20
Adventure EXP x 150
Mora x 25,000"
Inazuma,Divine Plant of the Depths,7,No rewards found
Inazuma,Dreams Of Sword Art,17,"Adventurer's Exp x 300 EXP
Primogems x 40- Hero's Wit x 4- Mora x 30000"
Inazuma,Fate Of A Fighter,7,No rewards found
Inazuma,Fertilizer... Salesperson?,8,"Adventurer's Exp x 100 EXP
- Hero's Wit x5- Mora x20000"
Inazuma,Gazing Three Thousand Miles Away,12,"Adventure Exp x 200 EXP
Other Rewards x - Imported Poultry Recipe x 1- Primogems x 30- Hero's Wit x 2- Mora x 20000"
Inazuma,"Gourmet Supremos, Assemble!",3,No rewards found
Inazuma,Gourmet Supremos: The Importance of Eating WellBreakthrough Thinking (The Gourmet Supremos),5,"Adventure EXP x 100
- Hero's Wit- Recipe: Sashimi Platter"
Inazuma,Heart Of Watatsumi Island,6,No rewards found
Inazuma,Hiromi's Watch,12,No rewards found
Inazuma,Home Lies Over The Ocean,3,No rewards found
Inazuma,In Another LandChisato's Letter,5,No rewards found
Inazuma,International Travel Log,12,No rewards found
Inazuma,Katheryne in Inazuma,3,"Mora x15,000
Adventurer's Experience x5
Adventure EXP x100"
Inazuma,Lotus Eater,9,"Adventure EXP x 200
Primogemx x 30
Hero's Wit x 3
Dragonbone Orb x 1"
Inazuma,"O Archon, Have I Done Right?O Shrine, Show Your Power Once Again!",5,No rewards found
Inazuma,Orobashi's Legacy,5,No rewards found
Inazuma,Relics of Seirai,10,No rewards found
Inazuma,Reminiscence Of Seirai,4,"Adventurer's Exp x 300 EXP
Mystic Enhancement Ore x6  Hero's Wit x2  Primogems x30  Mora x15000"
Inazuma,Sacred Sakura Cleansing Ritual,12,No rewards found
Inazuma,Sakura Arborism,6,"Adventurer's Exp x 500 EXP
Mystic Enhancement Ore x6  Hero's Wit x4  Primogems x60"
Inazuma,Seirai Stormchasers,10,"Adventure EXP x 300
Primogems x 40
Hero's Wit x 4
Mora x 30,000
Adventure EXP x 250
Primogems x 30
Hero's Wit x 4
Mora x 25,000
Adventure EXP x 300
Primogems x 40
Hero's Wit x 4
Adventure EXP x 350
Primogems x 40
Hero's Wit x 2"
Inazuma,Solitary Sea-Beast,9,"Adventurer's Exp x 300 EXP
- Hero's Wit x4- Primogems x40- Mora x30000"
Inazuma,Storytelling Method,6,"Adventurer's EXP x 100 EXP
Mora x30000   Hero's Wit x4"
Inazuma,Tatara Tales,13,"Adventure Exp x 400 EXP
- Primogems x 50- Hero's Wit x 4  Mora x 40,000  Mystic Enhancement Ore x 4
Adventure Exp x 400 EXP
- Primogems x 50- Mora x 25,000
Adventure Exp x 150 EXP
- Primogems x 20- Mora x 25,000"
Inazuma,The Art Of Horticulture,2,No rewards found
Inazuma,The Farmer's TreasureChisato's Letter,9,"Weapon Forging Blueprint x <img src='https://img.gamewith.net/article_tools/genshin-impact/gacha/29139_w.png' alt='Amenoma Kageuchi' />Amenoma Kageuchi
Other Rewards x <img src='https://img.gamewith.net/article_tools/genshin-impact/gacha/s_i_261.png' alt='Northlander Sword Billet' />Northlander Sword Billet  Primogems x 60"
Inazuma,The Gourment Supremos: On The Road,4,No rewards found
Inazuma,The Moon-Bathed Deep,6,No rewards found
Inazuma,The Narukami Trail,6,"Adventurer's Exp x 100 EXP
- Hero's Wit x 5- Mora x 20000"
Inazuma,The Phaethons' Syrtos,6,"Adventurer's Exp x 250 EXP
Hero's Wit x3  Primogems x30  Mora x30,000"
Inazuma,The Ritou Road,5,"Adventurer's Exp x 100 EXP
Mora x 20000 Adventure's Experience x5 Unlocks Secret Path"
Inazuma,The Saga Of Mr. ForgetfulThe Sea of Fog and the Rite of the Trees,3,"Adventurer's Exp x 300 EXP
Replica Mural: Lone Peak In A Sea Of Fog x 1  Replica Mural: Ancient Ritual In A Sea Of Fog x1  Mora x 20,000  Primogems x20"
Inazuma,The Seventh SamuraiTatara Tales,5,"Adventurer's Exp x - 200 EXP
- Hero's Wit x 2- Primogems x 30- Mora x 20000"
Inazuma,The Still Water's FlowOmnipresence Over Mortals,7,"Adventure EXP x 200
Primogems x 30
Hero's Wit x 2"
Inazuma,The Subterranean Trials Of Drake And SerpentYachimatahiko's TrialYachimatahime's TrialKunado's TrialThe Three Great Martial Trials,18,"Primogems x 40
Hero's Wit x 4
Adventure EXP x 300
Mora x 30,000"
Inazuma,The Sun-Wheel And Mt. Kanna,27,"Adventurer's Exp x 250 EXP
- Mystic Enhancement Ore x 6- Hero's Wit x 3- Primogems x 40- Mora x 6,575"
Inazuma,Treatment On The Island,5,No rewards found
Inazuma,Yae Publishing House's Invitation,3,No rewards found
Inazuma,A Glimpse Into The Pale Night,5,"<img src='https://img.gamewith.net/article/thumbnail/rectangle/47774.png' alt='Dodoco's Boom-Bastic Escapades Event Guide' />Dodoco's Boom-Bastic Escapades 2024/09/09 – 2024/09/23 x Help Dodoco to place bombs and remove the Spikey FIsh away.
<img src='https://img.gamewith.net/article/thumbnail/rectangle/47777.png' alt='Of Thorns And Crowns Event Guide' />Of Thorns And Crowns 2024/09/20 – 2024/09/30 x A combat event. Play the trial to get buffs for the challenge."
Inazuma,A Particularly Particular Author,9,"Adventurer's Exp x 500 EXP
Mystic Enhancement Ore x4  Hero's Wit x4  Primogems x50  Mora x 50,000"
Inazuma,A Strange Story In Konda,11,"Adventurer's Exp x 350 EXP
Mora x 20,000  Primogems x40"
Inazuma,Antigonus,8,"Primogem x 40
Hero's Wit x 4
Adventure EXP x 300
Mora x 30,000"
Inazuma,Cleansing DefilementSacrificial Offering World Quest,8,No rewards found
Inazuma,Crossing Unknown Storm Clouds,1,No rewards found
Inazuma,Date's ChallengeCollections Of Dragons And Snakes,10,"Adventure EXP x 200 EXP
Hero's Wit x 2  Primogems x 30"
Inazuma,Dreams In The Gaps,5,No rewards found
Inazuma,Entrance To Tokoyo,7,"Adventure EXP x 200
Primogems x 30
Hero's Wit x 2
Mora x 20,000"
Inazuma,Erebos' Secret,3,No rewards found
Inazuma,Film NotesTatara Tales,19,"Primogems x 30
Hero's Wit x  2
Adventure EXP x 200
Mora x 20,0000
Primogems x 40
Hero's Wit x  3
Adventure EXP x 300
Mora x 20,000
Mystic Enhancement Ore x 3"
Inazuma,From Dusk To Dawn In ByakuyakokuThe Entrance To Tokoyo,3,No rewards found
Inazuma,Gourmet Supremos: Of Shrines And Sakura,2,"Adventurer's Exp x 100 EXP
Mora x 10000 Primogems x20"
Inazuma,Hayashi Of Tanuki In The Forest,7,"Adventurer's Exp x 250 EXP
Hero's Wit x3  Primogems x40  Mora x 30,000"
Inazuma,Hyperion's Dirge,4,"Adventurer's Exp x 250 EXP
Hero's Wit x3  Primogems x40"
Inazuma,Kunado's Trial,5,No rewards found
Inazuma,Narrow InquiryKey Sigil,3,"Adventure EXP x 30 EXP
Primogems x10  Offerings Of The Narrows x1"
Inazuma,Neko Is A Cat: A Fishy Flavor,3,No rewards found
Inazuma,Neko Is A Cat: A Good Turn Comes Late,2,"Adventurer's Exp x 100 EXP
Hero's Wit x2 Primogems x20  Mora x 20,000"
Inazuma,Neko Is A Cat: Cat And Stone,4,"Adventurer's Exp x 150 EXP
Primogems x20  Mora x 10,000  Invigorating Kitty Meal Recipe"
Inazuma,Neko Is A Cat: Ding-A-Ling Metal Ball,3,No rewards found
Inazuma,Neko Is A Cat: Offering Box,3,"Adventurer's Exp x 300 EXP
Primogems x20  Mora x 10000"
Inazuma,Neko Is A Cat: Shrine Canteen,3,No rewards found
Inazuma,Neko Is A Cat: Shrine Recipe,8,"Adventurer's Exp x 200 EXP
Primogems x20  Mora x 10,000  Invigorating Kitty Meal Recipe"
Inazuma,Neko Is A Cat: Stone Human's Troubles,4,"Adventurer's Exp x 100 EXP
Primogems x20  Mora x 10,000"
Inazuma,Neko Is A Cat: The Cat's Trail,3,No rewards found
Inazuma,Neko Is A Cat: The Children,4,"Adventurer's Exp x 200 EXP
Hero's Wit x2  Primogems x30  Mora x 15000"
Inazuma,Neko Is A Cat: Wooden Shelf,6,"Adventurer's Exp x 200 EXP
Primogems x40  Mora x10,000"
Inazuma,Octave Of The Maushiro,23,"Adventurer's Exp x 500 EXP
Primogems x 50Hero's Wit x 5Mora x 50,000Mystic Enhancement Ore x 4"
Inazuma,Outlander Brigade!Tatara Tales,0,No rewards found
Inazuma,Pizza From Another Land,3,No rewards found
Inazuma,Sacrificial Offering,12,"Adventurer's Exp x 350 EXP
Mystic Enhancement Ore x6  Hero's Wit x4  Primogems x40  Mora x 30,000"
Inazuma,Serpent's Heart InquiryKey Sigil,3,"Adventure EXP x 30 EXP
Primogems x10  Offerings Of The Serpent's Heart x1"
Inazuma,Shuumatsuban Operations,4,"Special Bamboo Slip
Adventure EXP x 350
Primogems x 40
Hero's Wit x 3
Mystic Enhancement Ore x 6
Mora x 30,000"
Inazuma,Temari Game,3,"Adventure Experience x 150 EXP
Other Rewards x - Primogems x 20- Mora x 25000"
Inazuma,Temple InquiryKey Sigil,3,"Adventure EXP x 30 EXP
Primogems x10  Offerings Of The Temple x1"
Inazuma,The Commission's Commission,1,No rewards found
Inazuma,The Gourment Supremos: The Deep Divers,2,No rewards found
Inazuma,The Gourmet Supremos: Cleanup,8,No rewards found
Inazuma,The Heart Of Ouroboros,4,No rewards found
Inazuma,The Replacement's Secret,10,"Adventure EXP x 250
Primogems x 30
Hero's Wit x
Mystic Enhancement Ore x 6
Mora x 30,000"
Inazuma,The Sea Of Fog And The Rite Of The Trees,9,"Adventurer's Exp x 350 EXP
Primogems x 40Hero's Wit x 3Mora x 30,000Mystic Enhancement Ore x 6"
Inazuma,The Three Great Martial Trials,3,"Primogems x 40
Hero's Wit x 3
Adventure EXP x 350
Mora x 30,000"
Inazuma,The Trails Of Drake And Serpent,11,No rewards found
Inazuma,The Very Special Fortune Slip,10,No rewards found
Inazuma,Where The Dandelions Find Rest,10,"Lyudochka's Fortune Slip x 1
Primogems x 50
Hero's Wit x 3
Adventure EXP x 400
Mora x 30,000
Mystic Enhancement Ore x 6"
Inazuma,Yachimatahiko's Trial,5,No rewards found
Inazuma,Yachimatahime's Trial,4,No rewards found
Inazuma,Yougou Cleansing,9,"Mask of Memories x 1
Primogems x 50
Hero's Wit x 5
Mora x 50,000"
Liyue,A Cliff-Side Hero's Past,7,"Adventure EXP x 250
Primogems x 30
Hero's Wit x 3
Mora x 30,000"
Liyue,A Little Game,3,"Adventurer's Exp x 250
Mora x 20,000
- Primogems x30- Hero's Wit x2- Mystic Enhancement Ore x3"
Liyue,<img src='https://img.gamewith.net/img/e65f5a1bc5b77cf289ec3c5ed59b37b9.png' alt='Chapter 1 Act 3' />Chapter 1 Act 3,15,No rewards found
Liyue,A Quiet Day In Liyue Harbor,9,"Adventurer's Exp x 100
Mora x 50,000
- Hero's Wit x5"
Liyue,An Adeptal Summons,7,"Adventurer's Exp x 100 EXP
Hero's Wit x3Guide to ""Diligence"" x3Mora x20000"
Liyue,An Ode To Yonder City,5,"Adventurer's Exp x 150 EXP
Mora x20,000Teachings of Prosperity x5Teachings of Diligence x5Teachings of Gold x5"
Liyue,And This Treasure Goes To...,3,No rewards found
Liyue,Changchang's Little Friend,3,"Adventurer's Exp x 100 EXP
Hero's Wit x8Fish x10Raw Meat x10Fowl x10"
Liyue,Chili Con Cloudy,7,"Primogems x30
Adventurer's EXP x200
Mora x35,000"
Liyue,Endless Research,5,"Adventurer's Exp x 150 EXP
20,000 MoraTeachings of Gold x5Teachings of Diligence x5Teachings of Prosperity x5"
Liyue,<img src='https://img.gamewith.net/img/c900d286657c8f459a5eeabb60436ab9.png' alt='Chapter 1 Act 2' />Chapter 1 Act 2,30,No rewards found
Liyue,Fishing For Jade,4,"Adventurer's Exp x 300 EXP
Mora x 50,000
Adventure's Experience x5  Hero's Wit x4"
Liyue,Hereafter: All Is Well,3,No rewards found
Liyue,Hereafter: Return to the Mountains,3,Hero's Wit x 3
Liyue,Hereafter: The Trail of Pervases,5,No rewards found
Liyue,Luhua Landscape,6,No rewards found
Liyue,Necessary Procedures,5,"Adventurer's Exp x 150 EXP
Mora x100,000Adventure's Experience x10"
Liyue,Nine Pillars Of Peace,6,No rewards found
Liyue,<img src='https://img.gamewith.net/img/e8a920df2ea46badb263559554ec2e12.png' alt='Chapter 1 Act 1' />Chapter 1 Act 1,29,No rewards found
Liyue,"On the Stage, Behind the Stage",11,"Adventure EXP x 150
Hero's Wit x 3
Mora x 30,000
Pear Orchard Stage: Yun-Han Style x 1"
Liyue,Our Chenyu Vale Trek,5,"Our Chenyu Vale Trek Album
Primogem x 30
Hero's Wit x 2
Mora x 32,500"
Liyue,Paleontological Investigation in The Chasm,3,"Adventure EXP x 200
Primogems x 30
Mora x 50,000"
Liyue,Perfect Shot,2,"Adventurer's Exp x -
<img src='https://img.gamewith.net/article_tools/genshin-impact/gacha/s_i_181.png' alt='Adventurer's Experience' />Adventurer's Experience x 4   <img src='https://img.gamewith.net/article_tools/genshin-impact/gacha/s_i_275.png' alt='Special Kamera' />Special Kamera  Mora x 1000"
Liyue,"Qiaoying, The Village of Many Tales",8,"Hero's Wit x 3
Mora x 21,500"
Liyue,Return Of The Jade ChamberGanyu Story QuestFishing For Jade World Quest,2,"Adventurer's Exp x 150 EXP
Teachings of Gold x2Teachings of Diligence x2Teachings of Prosperity x2Mora x50000"
Liyue,Says He Who Seeks Stone,4,"Adventure EXP x 150
Primogems x 20
Mora x 30,000"
Liyue,Share Not Your Treasures,4,"Adventurer's Exp x 250
Mora x 30,000
- Primogems x30"
Liyue,"Shrouded Vale, Hidden Hero",3,"Primogems x30
Adventurer's EXP x200
Mora x20,000"
Liyue,Snapshots,3,No rewards found
Liyue,"Stolen, by the Rightful Owner",7,No rewards found
Liyue,Surreptitious Seven-Star Seal Sundering,9,No rewards found
Liyue,The Chi Of Yore,12,No rewards found
Liyue,The Dealing Sands,4,"Primogems x30
Adventurer's EXP x200
Mora x35,000"
Liyue,The Millennial Mountains,5,"Adventure EXP x 350
Primogems x 40
Hero's Wit x 3
Mystic Enhancement Ore x 6
Mora x 30,000"
Liyue,The Missing Miner,3,"Primogem x 30
Hero's Wit x 3
Adventure EXP x 250
Mora x 30,000"
Liyue,The Ocean Pearl,3,No rewards found
Liyue,The Roaming Abode,13,"Primogem x 30
Mora x 37,000"
Liyue,The Secret Of Nantianmen,5,"Adventurer's Exp x 150 EXP
Mora x80,000Hero's Wit x4"
Liyue,The Tree Who Stands Alone,4,"Adventurer's Exp x 400
Mora x -
- Primogems x50- Liyue Shrine Of Depths Key x1"
Liyue,The Yaksha's Wish,2,"Adventurer's Exp x 250
Mora x -
- Primogems x30- Adventure's Experience x6"
Liyue,There's No Restoring This Past Land Of Beauty,2,"Adventurer's Exp x 250
Primogems x 30  Hero's Wit x 3  Mora x 30000  Mystic Enhancement Ore x 6"
Liyue,Threefold Expectations,4,"Primogems x 40
Hero's Wit x 2
Mystic Enhancement Ore x 3
Mora x 33,000"
Liyue,Tianqiu Treasure Trail,6,"Parametric Transformer  x1 Hero's Wit x 3  Mora x 30,000"
Liyue,Trails In Tianqiu,4,No rewards found
Liyue,"Treasure Lost, Treasure Found",9,No rewards found
Liyue,Wherefore Did the Spiritstone Descend?Perils In The Dark,6,"Adventure EXP x 350
Primogems x 40
Hero's Wit x 3
Mystic Enhancement Ore x 6
Mora x 30,000"
Liyue,Will Of Stone,6,"Adventurer's Exp x 100
Mora x 30,000
- Hero's Wit x7- Qingce Stir Fry x5"
Liyue,Words Worth Their Weight In Mora,3,"Adventurer's Exp x 150 EXP
Mora x15,000Teachings of Gold x4Teachings of Diligence x4Teachings of Prosperity x4"
Liyue,A Company Vanishing Into the Deep,8,"Adventure EXP x 300
Primogems x 40
Mora x 30,000
Hero's Wit x 3
Mystic Enhancement Ore x 3"
Liyue,A Dish Beyond Mortal Ken,7,"Adventurer's Exp x - 100 EXP
- Chicken Tofu Pudding Recipe  - Mora x 20,000"
Liyue,A Visitor From Westward RealmsIdle Teapot Talk,2,"Mora x 10,000
Adventurer's Experience x 4"
Liyue,A Wangshan Walk To Remember,11,"Primogems x30
Adventurer's EXP x200
Mora x35,000"
Liyue,Big Business,5,No rewards found
Liyue,Chasm Spelunkers,7,"Primogems x 30
Hero's Wit x 2"
Liyue,Chenyu's Blessings Of Sunken Jade Quest,47,"Primogem x 30
Mora x 37,000
Primogems x 40
Hero's Wit x 4
Mora x 33,500
Mystic Enhancement Ore x 4
Primogem x 50
Hero's Wit x 5
Mora x 54,500
Mystic Enhancement Ore x 4"
Liyue,Dimming Mushroom's Call for Help,7,"Adventure EXP x 300
Primogems x 40
Mora x 30,000
Hero's Wit x 3
Mystic Enhancement Ore x 3"
Liyue,First Miasmic Contact,4,"Adventure EXP x 200
Primogems x 30
Hero's Wit x 2
Mora x 20,000"
Liyue,Garcia's Paean,3,"Adventure EXP x 150
Primogems x 20
Mora x 30,000"
Liyue,Hydrological Investigation in The Chasm,5,"Adventure EXP x 250
Primogems x 30
Mora x 90,000"
Liyue,Idle Teapot Talk,1,Realm Dispatch  Hero's Wit
Liyue,Lost in a Foreign Land: Seeking,8,"Adventure EXP x 350
Primogems x 40
Hero's Wit x 3
Mystic Enhancement Ore x 6
Mora x 30,000"
Liyue,Lost in a Foreign Land,6,"Adventure EXP x 200
Primogems x 30
Hero's Wit x 2
Mora x 20,000"
Liyue,Meeting New People... and Foiling Some Bandits,5,"Adventure EXP x 200
Primogems x 30
Hero's Wit x 2
Mora x 20,000"
Liyue,Mycological Investigation in The Chasm,3,No rewards found
Liyue,Perils in the Dark,10,"Adventure EXP x 450
Primogems x 50
Hero's Wit x 5
Mystic Enhancement Ore x 6
Mora x 50,000"
Liyue,Pressing Deadline,3,"Adventurer's Exp x 100
Mora x 20,000
- Hero's Wit x6- Golden Crab x3"
Liyue,Scrolls And Sword Manuals Of Guhua,6,"Primogems x20
Mora x25000
Adventurer's EXP x150"
Liyue,Silently The Butterfly Cross The Valley,6,"Primogem x 40
Hero's Wit x 4
Mora x 33,500
Mystic Enhancement Ore x 1"
Liyue,Temporary Acclimatization,6,"Hero's Wit x 3
Mora x 21,500"
Liyue,The Adventurer's Guild's AffairsA New Star Approaches,3,"Adventurer's Exp x 200 EXP
Mora x20,000Guide to Gold x2Guide to Diligence x2Guide to Prosperity x2"
Liyue,The Chasm Charters,2,No rewards found
Liyue,The Chasm Delvers,1,No rewards found
Liyue,The Chasm's Bounty,13,"Adventure EXP x 250
Primogems x 30
Hero's Wit x 3
Mora x 30,000"
Liyue,The Cloud-Padded Path To The Chiwang Repose,5,"Primogems x 20
Mora x 11,000"
Liyue,The Heavenly Stone's Debris,14,"Primogems x 40
Hero's Wit x 3"
Liyue,The Tales Behind the Fan,2,No rewards found
Liyue,Undetected Infiltration,3,"Adventure EXP x 350
Primogems x 40
Hero's Wit x 3
Mystic Enhancement Ore x 6
Mora x 30,000"
Liyue,Valor's Afterglow: Return By Sundown,4,"Adventure EXP x 250
Primogems x 30
Hero's Wit x 3
Mora x 30,000"
Liyue,Valor's Afterglow: The Faint Light Remembered,3,"Adventure EXP x 100
Primogems x 20
Mora x 10,000"
Liyue,Valor's Afterglow,5,"Adventure EXP x 250
Primogems x 30
Hero's Wit x 3
Mora x 30,000"
Mondstadt,A Land Entombed,4,"Adventurer's Exp x 400 EXP
Hero's Wit x3Primogems x50Mora x 40,000Mystic Enhancement Ore x6"
Mondstadt,After The Storm,2,"Adventurer's Exp. x 100
Mora x 20000
<img src='https://s3.ap-northeast-1.amazonaws.com/gamewith/article_tools/genshin/gacha/sozai_142.png' alt='Crystal Chunk' />Crystal Chunk×12"
Mondstadt,Ah Fresh Meat,6,"Tomato x 1
Carrot x 2
Chilled Meat x 2"
Mondstadt,Break The Sword Cemetery Seal,2,"Adventurer's Exp x 400
Mora x -
<img src='https://img.gamewith.jp/img/99e88efdd95d422ded859e5a615742f8.jpg' alt='Primogems' />Primogems ×50<img src='https://s3.ap-northeast-1.amazonaws.com/gamewith/article_tools/genshin/gacha/sozai_82.png' alt='Mystic Enhancement Ore' />Mystic Enhancement Ore<img src='https://img.gamewith.net/img/5da51b985ecc8c89857a05ce97cd7bd6.jpg' alt='Northlander Claymore Prototype' />Northlander Claymore Prototype x1"
Mondstadt,Equivalent Exchange,8,"Adventurer's Exp x 100 EXP
30,000 MoraHero's Wit x 4"
Mondstadt,Flighty Flora... And Flora,2,"Adventurer's Exp x 100
Mora x -
- Hero's Wit x5- Cecilia x5- Small Lamp Grass x5- Windwheel Aster x5"
Mondstadt,In The Aftermath,2,No rewards found
Mondstadt,Lingering Malady,3,"Adventurer's Exp x 100
Mora x 20,000
- Hero's Wit x6- Northern Smoked Chicken x3"
Mondstadt,Lost In The Snow,6,"Adventurer's Exp x 300 EXP
Hero's Wit x2Primogems x40Mora x30,000Mystic Enhancement Ore x4Adventurer's Pocket Watch"
Mondstadt,Mondstadt And Its ArchonCarmen Dei Chapter: Act I (Venti Story),3,"Adventurer's Exp x 100
Mora x 16,000
- Hero's Wit x5- Dandelion Seed x5"
Mondstadt,Question & Answer,3,No rewards found
Mondstadt,The Great Mountain Survery II,5,"Adventurer's Exp x 300 EXP
Hero's Wit x2Primogems x40Mora x20,000
Adventurer's Exp x 300 EXP
Hero's Wit x2Primogems x40Mora x30,000Mystic Enhancement Ore x3"
Mondstadt,Thief Catcher,3,No rewards found
Mondstadt,Time And The Wind,9,No rewards found
Mondstadt,Adventure Rank Ascension 2,1,"Adventurer's Exp x -
Mora x 20,000
- Primogems x100- Acquaint Fate x2
Note x Your World Level increase to 4"
Mondstadt,Adventure Rank Ascension 4,1,"Adventurer's Exp x -
Mora x 40,000
- Primogems x100- Acquaint Fate x2
Note x Your World Level increase to 7"
Mondstadt,Bough Keeper,13,"Adventurer's Exp x 800
- 60 x Primogems- 38,100 Mora- Guide to Freedom- Guide to Resistance- Guide to Ballad- 4 x Hero's Wit- 7 x Mystic Enhancement Ore"
Mondstadt,Busy Adventurers' Guild,1,No rewards found
Mondstadt,Collector Of Anemo Sigils,1,"Adventurer's Exp x -
Mora x -
-"
Mondstadt,Every Day A New Adventure,3,No rewards found
Mondstadt,Exploding Population,7,Hero's Wit x 4
Mondstadt,Lianne's Troubles,1,"Adventurer's Exp x -
Mora x 1428*Rewards may vary depending on required materials
- Companionship EXP x10- Fine Enhancement Ore x1"
Mondstadt,Low Temperature Warning,1,"Adventurer's EXP
Primogems
Mora"
Mondstadt,Scent On The Wind,1,"Adventurer's Exp x -
Mora x 2,500
- Enhancement Ore x5"
Mondstadt,Sharpening The Axe Won't Hinder,2,No rewards found
Mondstadt,Solo Venture,2,No rewards found
Mondstadt,When The Trail Goes Cold,2,"Adventurer's Exp x 300 EXP
Adventure's Experience x4  Mora x 10,000"
Mondstadt,Wisdom Of Ancient Civilizations,1,No rewards found
